metric,roi,analysis_group,adjusted_mean,n_group,n_total
exponent,7Networks_LH_Cont_Cing_1,NCBP_trans,1.2551248361343372,29,137
exponent,7Networks_LH_Cont_Cing_1,NCBP_nontrans,1.2737098761733394,43,137
exponent,7Networks_LH_Cont_Cing_1,HC,1.3231320068103387,65,137
exponent,7Networks_LH_Cont_PFCl_1,NCBP_trans,0.9456476531434669,29,137
exponent,7Networks_LH_Cont_PFCl_1,NCBP_nontrans,0.9274676335002234,43,137
exponent,7Networks_LH_Cont_PFCl_1,HC,0.9920271638149326,65,137
exponent,7Networks_LH_Cont_Par_1,NCBP_trans,1.0056737554240787,29,137
exponent,7Networks_LH_Cont_Par_1,NCBP_nontrans,1.0050887293484674,43,137
exponent,7Networks_LH_Cont_Par_1,HC,1.0864987363514356,65,137
exponent,7Networks_LH_Cont_pCun_1,NCBP_trans,1.0268596193406847,29,137
exponent,7Networks_LH_Cont_pCun_1,NCBP_nontrans,1.0869326589560824,43,137
exponent,7Networks_LH_Cont_pCun_1,HC,1.1628709952157883,65,137
exponent,7Networks_LH_Default_PFC_1,NCBP_trans,0.9860282045615767,29,137
exponent,7Networks_LH_Default_PFC_1,NCBP_nontrans,0.9773600257432804,43,137
exponent,7Networks_LH_Default_PFC_1,HC,1.009612156901079,65,137
exponent,7Networks_LH_Default_PFC_2,NCBP_trans,0.8815177554271612,29,137
exponent,7Networks_LH_Default_PFC_2,NCBP_nontrans,0.8674960907292386,43,137
exponent,7Networks_LH_Default_PFC_2,HC,0.9296315306230124,65,137
exponent,7Networks_LH_Default_PFC_3,NCBP_trans,1.0938207620320886,29,137
exponent,7Networks_LH_Default_PFC_3,NCBP_nontrans,1.112382258029373,43,137
exponent,7Networks_LH_Default_PFC_3,HC,1.1629309822254683,65,137
exponent,7Networks_LH_Default_PFC_4,NCBP_trans,0.9194331504988749,29,137
exponent,7Networks_LH_Default_PFC_4,NCBP_nontrans,0.8928311048809043,43,137
exponent,7Networks_LH_Default_PFC_4,HC,0.965411936068594,65,137
exponent,7Networks_LH_Default_PFC_5,NCBP_trans,1.0924004380052608,29,137
exponent,7Networks_LH_Default_PFC_5,NCBP_nontrans,1.0552866442833266,43,137
exponent,7Networks_LH_Default_PFC_5,HC,1.1419944836737597,65,137
exponent,7Networks_LH_Default_PFC_6,NCBP_trans,0.9943509447088974,29,137
exponent,7Networks_LH_Default_PFC_6,NCBP_nontrans,0.9961300830179729,43,137
exponent,7Networks_LH_Default_PFC_6,HC,1.0699196870397913,65,137
exponent,7Networks_LH_Default_PFC_7,NCBP_trans,1.0733048408289878,29,137
exponent,7Networks_LH_Default_PFC_7,NCBP_nontrans,1.0854574582584857,43,137
exponent,7Networks_LH_Default_PFC_7,HC,1.1474370671175835,65,137
exponent,7Networks_LH_Default_Par_1,NCBP_trans,0.8912408947807746,29,137
exponent,7Networks_LH_Default_Par_1,NCBP_nontrans,0.910026866635467,43,137
exponent,7Networks_LH_Default_Par_1,HC,0.9357749133633618,65,137
exponent,7Networks_LH_Default_Par_2,NCBP_trans,0.952727537010552,29,137
exponent,7Networks_LH_Default_Par_2,NCBP_nontrans,0.9513398021616541,43,137
exponent,7Networks_LH_Default_Par_2,HC,1.0357443897010254,65,137
exponent,7Networks_LH_Default_Temp_1,NCBP_trans,0.8064900036072632,29,137
exponent,7Networks_LH_Default_Temp_1,NCBP_nontrans,0.8247113849258442,43,137
exponent,7Networks_LH_Default_Temp_1,HC,0.8312438024781521,65,137
exponent,7Networks_LH_Default_Temp_2,NCBP_trans,0.8120650638006772,29,137
exponent,7Networks_LH_Default_Temp_2,NCBP_nontrans,0.840816019249106,43,137
exponent,7Networks_LH_Default_Temp_2,HC,0.8777631390455595,65,137
exponent,7Networks_LH_Default_pCunPCC_1,NCBP_trans,1.1111603032043427,29,137
exponent,7Networks_LH_Default_pCunPCC_1,NCBP_nontrans,1.1632881251404936,43,137
exponent,7Networks_LH_Default_pCunPCC_1,HC,1.205582848769501,65,137
exponent,7Networks_LH_Default_pCunPCC_2,NCBP_trans,1.1664059625801773,29,137
exponent,7Networks_LH_Default_pCunPCC_2,NCBP_nontrans,1.2277242648312676,43,137
exponent,7Networks_LH_Default_pCunPCC_2,HC,1.2702039044314346,65,137
exponent,7Networks_LH_DorsAttn_FEF_1,NCBP_trans,1.050911299164064,29,137
exponent,7Networks_LH_DorsAttn_FEF_1,NCBP_nontrans,1.0736128086126084,43,137
exponent,7Networks_LH_DorsAttn_FEF_1,HC,1.1318477469724426,65,137
exponent,7Networks_LH_DorsAttn_Post_1,NCBP_trans,0.8939165482994473,29,137
exponent,7Networks_LH_DorsAttn_Post_1,NCBP_nontrans,0.9641217464509502,43,137
exponent,7Networks_LH_DorsAttn_Post_1,HC,1.0157093900680443,65,137
exponent,7Networks_LH_DorsAttn_Post_2,NCBP_trans,0.8216641622940999,29,137
exponent,7Networks_LH_DorsAttn_Post_2,NCBP_nontrans,0.8708593020524551,43,137
exponent,7Networks_LH_DorsAttn_Post_2,HC,0.9364290022843995,65,137
exponent,7Networks_LH_DorsAttn_Post_3,NCBP_trans,1.0201341335191338,29,137
exponent,7Networks_LH_DorsAttn_Post_3,NCBP_nontrans,1.0381405341220988,43,137
exponent,7Networks_LH_DorsAttn_Post_3,HC,1.117646680213248,65,137
exponent,7Networks_LH_DorsAttn_Post_4,NCBP_trans,0.9752606156634233,29,137
exponent,7Networks_LH_DorsAttn_Post_4,NCBP_nontrans,1.00688940659476,43,137
exponent,7Networks_LH_DorsAttn_Post_4,HC,1.0655058538309419,65,137
exponent,7Networks_LH_DorsAttn_Post_5,NCBP_trans,1.0705889121323056,29,137
exponent,7Networks_LH_DorsAttn_Post_5,NCBP_nontrans,1.1140854695229754,43,137
exponent,7Networks_LH_DorsAttn_Post_5,HC,1.188352967905513,65,137
exponent,7Networks_LH_DorsAttn_Post_6,NCBP_trans,1.033686416323189,29,137
exponent,7Networks_LH_DorsAttn_Post_6,NCBP_nontrans,1.0400778710012728,43,137
exponent,7Networks_LH_DorsAttn_Post_6,HC,1.102446322497908,65,137
exponent,7Networks_LH_DorsAttn_PrCv_1,NCBP_trans,0.9176321597359887,29,137
exponent,7Networks_LH_DorsAttn_PrCv_1,NCBP_nontrans,0.9329709854635272,43,137
exponent,7Networks_LH_DorsAttn_PrCv_1,HC,0.978969464235101,65,137
exponent,7Networks_LH_Limbic_OFC_1,NCBP_trans,1.1035741832117076,29,137
exponent,7Networks_LH_Limbic_OFC_1,NCBP_nontrans,1.0914760045900498,43,137
exponent,7Networks_LH_Limbic_OFC_1,HC,1.1077126939157933,65,137
exponent,7Networks_LH_Limbic_TempPole_1,NCBP_trans,0.9878345834866911,29,137
exponent,7Networks_LH_Limbic_TempPole_1,NCBP_nontrans,0.9695638878307407,43,137
exponent,7Networks_LH_Limbic_TempPole_1,HC,1.0341641745726353,65,137
exponent,7Networks_LH_Limbic_TempPole_2,NCBP_trans,0.7721865174773113,29,137
exponent,7Networks_LH_Limbic_TempPole_2,NCBP_nontrans,0.8142475149541516,43,137
exponent,7Networks_LH_Limbic_TempPole_2,HC,0.8926747129568364,65,137
exponent,7Networks_LH_SalVentAttn_FrOperIns_1,NCBP_trans,0.9779471082792632,29,137
exponent,7Networks_LH_SalVentAttn_FrOperIns_1,NCBP_nontrans,0.965210718228568,43,137
exponent,7Networks_LH_SalVentAttn_FrOperIns_1,HC,0.9881167014393551,65,137
exponent,7Networks_LH_SalVentAttn_FrOperIns_2,NCBP_trans,0.9805412690234027,29,137
exponent,7Networks_LH_SalVentAttn_FrOperIns_2,NCBP_nontrans,0.9963207882138915,43,137
exponent,7Networks_LH_SalVentAttn_FrOperIns_2,HC,1.0381313313717657,65,137
exponent,7Networks_LH_SalVentAttn_Med_1,NCBP_trans,1.2331173878904576,29,137
exponent,7Networks_LH_SalVentAttn_Med_1,NCBP_nontrans,1.2279357604791115,43,137
exponent,7Networks_LH_SalVentAttn_Med_1,HC,1.262733684833704,65,137
exponent,7Networks_LH_SalVentAttn_Med_2,NCBP_trans,1.1939083611977566,29,137
exponent,7Networks_LH_SalVentAttn_Med_2,NCBP_nontrans,1.208246437114704,43,137
exponent,7Networks_LH_SalVentAttn_Med_2,HC,1.273888679064564,65,137
exponent,7Networks_LH_SalVentAttn_Med_3,NCBP_trans,1.1826793561771025,29,137
exponent,7Networks_LH_SalVentAttn_Med_3,NCBP_nontrans,1.2000118710015748,43,137
exponent,7Networks_LH_SalVentAttn_Med_3,HC,1.2963893710171146,65,137
exponent,7Networks_LH_SalVentAttn_PFCl_1,NCBP_trans,0.9933897302476495,29,137
exponent,7Networks_LH_SalVentAttn_PFCl_1,NCBP_nontrans,0.9912491344899595,43,137
exponent,7Networks_LH_SalVentAttn_PFCl_1,HC,1.0399062711689184,65,137
exponent,7Networks_LH_SalVentAttn_ParOper_1,NCBP_trans,0.8588787543784563,29,137
exponent,7Networks_LH_SalVentAttn_ParOper_1,NCBP_nontrans,0.8864110464318293,43,137
exponent,7Networks_LH_SalVentAttn_ParOper_1,HC,0.9608234283516807,65,137
exponent,7Networks_LH_SomMot_1,NCBP_trans,0.8672725756093996,29,137
exponent,7Networks_LH_SomMot_1,NCBP_nontrans,0.8766855854659203,43,137
exponent,7Networks_LH_SomMot_1,HC,0.9205627318444692,65,137
exponent,7Networks_LH_SomMot_2,NCBP_trans,1.0513074304005434,29,137
exponent,7Networks_LH_SomMot_2,NCBP_nontrans,1.0738277630992186,43,137
exponent,7Networks_LH_SomMot_2,HC,1.115325012936476,65,137
exponent,7Networks_LH_SomMot_3,NCBP_trans,0.8664207092423983,29,137
exponent,7Networks_LH_SomMot_3,NCBP_nontrans,0.8793026808110945,43,137
exponent,7Networks_LH_SomMot_3,HC,0.9116737783607991,65,137
exponent,7Networks_LH_SomMot_4,NCBP_trans,0.83940293522701,29,137
exponent,7Networks_LH_SomMot_4,NCBP_nontrans,0.893268282130456,43,137
exponent,7Networks_LH_SomMot_4,HC,0.9265883254169528,65,137
exponent,7Networks_LH_SomMot_5,NCBP_trans,0.9564896417669738,29,137
exponent,7Networks_LH_SomMot_5,NCBP_nontrans,0.9843805750980542,43,137
exponent,7Networks_LH_SomMot_5,HC,1.0447787292114403,65,137
exponent,7Networks_LH_SomMot_6,NCBP_trans,1.098300315497452,29,137
exponent,7Networks_LH_SomMot_6,NCBP_nontrans,1.1096371498475341,43,137
exponent,7Networks_LH_SomMot_6,HC,1.2162618590355891,65,137
exponent,7Networks_LH_Vis_1,NCBP_trans,1.0604350386121975,29,137
exponent,7Networks_LH_Vis_1,NCBP_nontrans,1.1282029027216018,43,137
exponent,7Networks_LH_Vis_1,HC,1.1631800329455564,65,137
exponent,7Networks_LH_Vis_2,NCBP_trans,0.8714171442515946,29,137
exponent,7Networks_LH_Vis_2,NCBP_nontrans,0.9354115559359081,43,137
exponent,7Networks_LH_Vis_2,HC,0.9885766572918956,65,137
exponent,7Networks_LH_Vis_3,NCBP_trans,1.0169590544921794,29,137
exponent,7Networks_LH_Vis_3,NCBP_nontrans,1.0859126055125035,43,137
exponent,7Networks_LH_Vis_3,HC,1.1262955844762164,65,137
exponent,7Networks_LH_Vis_4,NCBP_trans,0.7788437582189773,29,137
exponent,7Networks_LH_Vis_4,NCBP_nontrans,0.8338568983355106,43,137
exponent,7Networks_LH_Vis_4,HC,0.9134960357532455,65,137
exponent,7Networks_LH_Vis_5,NCBP_trans,0.7986418074142242,29,137
exponent,7Networks_LH_Vis_5,NCBP_nontrans,0.7860451391694426,43,137
exponent,7Networks_LH_Vis_5,HC,0.9061790963005408,65,137
exponent,7Networks_LH_Vis_6,NCBP_trans,1.0121470273396707,29,137
exponent,7Networks_LH_Vis_6,NCBP_nontrans,1.064950173277891,43,137
exponent,7Networks_LH_Vis_6,HC,1.1256064546515645,65,137
exponent,7Networks_LH_Vis_7,NCBP_trans,0.8779518010981322,29,137
exponent,7Networks_LH_Vis_7,NCBP_nontrans,0.9290964672543777,43,137
exponent,7Networks_LH_Vis_7,HC,1.0252988866871662,65,137
exponent,7Networks_LH_Vis_8,NCBP_trans,0.848470901332592,29,137
exponent,7Networks_LH_Vis_8,NCBP_nontrans,0.898230950803143,43,137
exponent,7Networks_LH_Vis_8,HC,0.9908044324969653,65,137
exponent,7Networks_LH_Vis_9,NCBP_trans,0.9062624136972386,29,137
exponent,7Networks_LH_Vis_9,NCBP_nontrans,0.9678864888612887,43,137
exponent,7Networks_LH_Vis_9,HC,1.0530592582726932,65,137
exponent,7Networks_RH_Cont_Cing_1,NCBP_trans,1.2595082438611964,29,137
exponent,7Networks_RH_Cont_Cing_1,NCBP_nontrans,1.2720118379347687,43,137
exponent,7Networks_RH_Cont_Cing_1,HC,1.3177225996727775,65,137
exponent,7Networks_RH_Cont_PFCl_1,NCBP_trans,0.9019671156119983,29,137
exponent,7Networks_RH_Cont_PFCl_1,NCBP_nontrans,0.9076008682434955,43,137
exponent,7Networks_RH_Cont_PFCl_1,HC,0.9436013353584575,65,137
exponent,7Networks_RH_Cont_PFCl_2,NCBP_trans,0.9611081692327773,29,137
exponent,7Networks_RH_Cont_PFCl_2,NCBP_nontrans,0.9269112660154252,43,137
exponent,7Networks_RH_Cont_PFCl_2,HC,0.9353081933085117,65,137
exponent,7Networks_RH_Cont_PFCl_3,NCBP_trans,1.0112377856236174,29,137
exponent,7Networks_RH_Cont_PFCl_3,NCBP_nontrans,1.0059382163857684,43,137
exponent,7Networks_RH_Cont_PFCl_3,HC,1.0112663152937182,65,137
exponent,7Networks_RH_Cont_PFCl_4,NCBP_trans,0.9694606834642835,29,137
exponent,7Networks_RH_Cont_PFCl_4,NCBP_nontrans,0.990873218365746,43,137
exponent,7Networks_RH_Cont_PFCl_4,HC,1.036174207756847,65,137
exponent,7Networks_RH_Cont_PFCmp_1,NCBP_trans,1.2364303086438757,29,137
exponent,7Networks_RH_Cont_PFCmp_1,NCBP_nontrans,1.2254143628805,43,137
exponent,7Networks_RH_Cont_PFCmp_1,HC,1.2586979099440103,65,137
exponent,7Networks_RH_Cont_Par_1,NCBP_trans,0.9061680666517758,29,137
exponent,7Networks_RH_Cont_Par_1,NCBP_nontrans,0.9001552390979445,43,137
exponent,7Networks_RH_Cont_Par_1,HC,0.9685208301186865,65,137
exponent,7Networks_RH_Cont_Par_2,NCBP_trans,0.9587247841248562,29,137
exponent,7Networks_RH_Cont_Par_2,NCBP_nontrans,0.940383111189737,43,137
exponent,7Networks_RH_Cont_Par_2,HC,1.0387697554897266,65,137
exponent,7Networks_RH_Cont_pCun_1,NCBP_trans,1.099525276157712,29,137
exponent,7Networks_RH_Cont_pCun_1,NCBP_nontrans,1.1347399502877058,43,137
exponent,7Networks_RH_Cont_pCun_1,HC,1.2255584566762059,65,137
exponent,7Networks_RH_Default_PFCdPFCm_1,NCBP_trans,1.1207635601595154,29,137
exponent,7Networks_RH_Default_PFCdPFCm_1,NCBP_nontrans,1.1113956248581596,43,137
exponent,7Networks_RH_Default_PFCdPFCm_1,HC,1.165853813823259,65,137
exponent,7Networks_RH_Default_PFCdPFCm_2,NCBP_trans,1.0834926220412098,29,137
exponent,7Networks_RH_Default_PFCdPFCm_2,NCBP_nontrans,1.049331203509225,43,137
exponent,7Networks_RH_Default_PFCdPFCm_2,HC,1.1219290768538768,65,137
exponent,7Networks_RH_Default_PFCdPFCm_3,NCBP_trans,1.1211945307847802,29,137
exponent,7Networks_RH_Default_PFCdPFCm_3,NCBP_nontrans,1.1034768478231078,43,137
exponent,7Networks_RH_Default_PFCdPFCm_3,HC,1.1543082313262594,65,137
exponent,7Networks_RH_Default_PFCv_1,NCBP_trans,0.9721269941257984,29,137
exponent,7Networks_RH_Default_PFCv_1,NCBP_nontrans,0.9731517927364737,43,137
exponent,7Networks_RH_Default_PFCv_1,HC,0.973442044522249,65,137
exponent,7Networks_RH_Default_PFCv_2,NCBP_trans,0.885831884632073,29,137
exponent,7Networks_RH_Default_PFCv_2,NCBP_nontrans,0.887327700024507,43,137
exponent,7Networks_RH_Default_PFCv_2,HC,0.8988859070079936,65,137
exponent,7Networks_RH_Default_Par_1,NCBP_trans,0.9676479588039064,29,137
exponent,7Networks_RH_Default_Par_1,NCBP_nontrans,0.9491215471675071,43,137
exponent,7Networks_RH_Default_Par_1,HC,1.018366736609733,65,137
exponent,7Networks_RH_Default_Temp_1,NCBP_trans,0.8477250226617524,29,137
exponent,7Networks_RH_Default_Temp_1,NCBP_nontrans,0.8367502587917359,43,137
exponent,7Networks_RH_Default_Temp_1,HC,0.8623585825661627,65,137
exponent,7Networks_RH_Default_Temp_2,NCBP_trans,0.8809194302209049,29,137
exponent,7Networks_RH_Default_Temp_2,NCBP_nontrans,0.9059450757689288,43,137
exponent,7Networks_RH_Default_Temp_2,HC,0.9040162970923992,65,137
exponent,7Networks_RH_Default_Temp_3,NCBP_trans,0.8774454629046815,29,137
exponent,7Networks_RH_Default_Temp_3,NCBP_nontrans,0.899134729059555,43,137
exponent,7Networks_RH_Default_Temp_3,HC,0.9215396988394756,65,137
exponent,7Networks_RH_Default_pCunPCC_1,NCBP_trans,1.1534198173299222,29,137
exponent,7Networks_RH_Default_pCunPCC_1,NCBP_nontrans,1.184422420366859,43,137
exponent,7Networks_RH_Default_pCunPCC_1,HC,1.2523023685743442,65,137
exponent,7Networks_RH_Default_pCunPCC_2,NCBP_trans,1.1861339356333471,29,137
exponent,7Networks_RH_Default_pCunPCC_2,NCBP_nontrans,1.2349968179648174,43,137
exponent,7Networks_RH_Default_pCunPCC_2,HC,1.2870266097522165,65,137
exponent,7Networks_RH_DorsAttn_FEF_1,NCBP_trans,1.068047080263313,29,137
exponent,7Networks_RH_DorsAttn_FEF_1,NCBP_nontrans,1.0683602107379597,43,137
exponent,7Networks_RH_DorsAttn_FEF_1,HC,1.1254967430713216,65,137
exponent,7Networks_RH_DorsAttn_Post_1,NCBP_trans,0.9519054820916747,29,137
exponent,7Networks_RH_DorsAttn_Post_1,NCBP_nontrans,0.9861512094518019,43,137
exponent,7Networks_RH_DorsAttn_Post_1,HC,1.0413653662228892,65,137
exponent,7Networks_RH_DorsAttn_Post_2,NCBP_trans,0.9320868237156064,29,137
exponent,7Networks_RH_DorsAttn_Post_2,NCBP_nontrans,0.9440496935104907,43,137
exponent,7Networks_RH_DorsAttn_Post_2,HC,1.0163055271225747,65,137
exponent,7Networks_RH_DorsAttn_Post_3,NCBP_trans,1.0347567693849644,29,137
exponent,7Networks_RH_DorsAttn_Post_3,NCBP_nontrans,1.0311761982498848,43,137
exponent,7Networks_RH_DorsAttn_Post_3,HC,1.1014919856165375,65,137
exponent,7Networks_RH_DorsAttn_Post_4,NCBP_trans,1.0337469311106497,29,137
exponent,7Networks_RH_DorsAttn_Post_4,NCBP_nontrans,1.040966127633074,43,137
exponent,7Networks_RH_DorsAttn_Post_4,HC,1.139067862238055,65,137
exponent,7Networks_RH_DorsAttn_Post_5,NCBP_trans,1.0562884078141999,29,137
exponent,7Networks_RH_DorsAttn_Post_5,NCBP_nontrans,1.0510804579872888,43,137
exponent,7Networks_RH_DorsAttn_Post_5,HC,1.1516973405214648,65,137
exponent,7Networks_RH_DorsAttn_PrCv_1,NCBP_trans,0.9388143847667529,29,137
exponent,7Networks_RH_DorsAttn_PrCv_1,NCBP_nontrans,0.950291428793553,43,137
exponent,7Networks_RH_DorsAttn_PrCv_1,HC,0.9676583502545477,65,137
exponent,7Networks_RH_Limbic_OFC_1,NCBP_trans,1.1198676678347392,29,137
exponent,7Networks_RH_Limbic_OFC_1,NCBP_nontrans,1.111765230076906,43,137
exponent,7Networks_RH_Limbic_OFC_1,HC,1.1330259654459873,65,137
exponent,7Networks_RH_Limbic_TempPole_1,NCBP_trans,0.967891603299397,29,137
exponent,7Networks_RH_Limbic_TempPole_1,NCBP_nontrans,0.977369056284807,43,137
exponent,7Networks_RH_Limbic_TempPole_1,HC,0.9979923061952651,65,137
exponent,7Networks_RH_SalVentAttn_FrOperIns_1,NCBP_trans,0.986795795775718,29,137
exponent,7Networks_RH_SalVentAttn_FrOperIns_1,NCBP_nontrans,1.0158779049391629,43,137
exponent,7Networks_RH_SalVentAttn_FrOperIns_1,HC,1.0145948113278693,65,137
exponent,7Networks_RH_SalVentAttn_Med_1,NCBP_trans,1.205034042212425,29,137
exponent,7Networks_RH_SalVentAttn_Med_1,NCBP_nontrans,1.2171393356458526,43,137
exponent,7Networks_RH_SalVentAttn_Med_1,HC,1.2766635730285885,65,137
exponent,7Networks_RH_SalVentAttn_Med_2,NCBP_trans,1.2333955423633476,29,137
exponent,7Networks_RH_SalVentAttn_Med_2,NCBP_nontrans,1.2249884905724489,43,137
exponent,7Networks_RH_SalVentAttn_Med_2,HC,1.3254397018267015,65,137
exponent,7Networks_RH_SalVentAttn_TempOccPar_1,NCBP_trans,0.8935373769861209,29,137
exponent,7Networks_RH_SalVentAttn_TempOccPar_1,NCBP_nontrans,0.9164862505122127,43,137
exponent,7Networks_RH_SalVentAttn_TempOccPar_1,HC,0.9783774368476635,65,137
exponent,7Networks_RH_SalVentAttn_TempOccPar_2,NCBP_trans,0.8902632559705289,29,137
exponent,7Networks_RH_SalVentAttn_TempOccPar_2,NCBP_nontrans,0.8817380640064308,43,137
exponent,7Networks_RH_SalVentAttn_TempOccPar_2,HC,0.9540673314924589,65,137
exponent,7Networks_RH_SomMot_1,NCBP_trans,0.9331134678673494,29,137
exponent,7Networks_RH_SomMot_1,NCBP_nontrans,0.9438117781736463,43,137
exponent,7Networks_RH_SomMot_1,HC,0.9814882038630421,65,137
exponent,7Networks_RH_SomMot_2,NCBP_trans,1.0268043061021948,29,137
exponent,7Networks_RH_SomMot_2,NCBP_nontrans,1.059027577896284,43,137
exponent,7Networks_RH_SomMot_2,HC,1.1010816254082039,65,137
exponent,7Networks_RH_SomMot_3,NCBP_trans,0.8528783521643161,29,137
exponent,7Networks_RH_SomMot_3,NCBP_nontrans,0.9014860968266261,43,137
exponent,7Networks_RH_SomMot_3,HC,0.9010363344972917,65,137
exponent,7Networks_RH_SomMot_4,NCBP_trans,0.848219498382706,29,137
exponent,7Networks_RH_SomMot_4,NCBP_nontrans,0.868477004126464,43,137
exponent,7Networks_RH_SomMot_4,HC,0.9171639445519775,65,137
exponent,7Networks_RH_SomMot_5,NCBP_trans,0.921808965720837,29,137
exponent,7Networks_RH_SomMot_5,NCBP_nontrans,0.9539571303775709,43,137
exponent,7Networks_RH_SomMot_5,HC,1.0153362679123281,65,137
exponent,7Networks_RH_SomMot_6,NCBP_trans,0.987459994574919,29,137
exponent,7Networks_RH_SomMot_6,NCBP_nontrans,0.9829548711551985,43,137
exponent,7Networks_RH_SomMot_6,HC,1.055519402511429,65,137
exponent,7Networks_RH_SomMot_7,NCBP_trans,1.0505808476678395,29,137
exponent,7Networks_RH_SomMot_7,NCBP_nontrans,1.0297766087558826,43,137
exponent,7Networks_RH_SomMot_7,HC,1.1235888043977276,65,137
exponent,7Networks_RH_SomMot_8,NCBP_trans,1.1115637599035326,29,137
exponent,7Networks_RH_SomMot_8,NCBP_nontrans,1.1266999637065493,43,137
exponent,7Networks_RH_SomMot_8,HC,1.2094670162715,65,137
exponent,7Networks_RH_Vis_1,NCBP_trans,1.0598269476928888,29,137
exponent,7Networks_RH_Vis_1,NCBP_nontrans,1.127422269084292,43,137
exponent,7Networks_RH_Vis_1,HC,1.1487943476136497,65,137
exponent,7Networks_RH_Vis_2,NCBP_trans,0.9489069112037314,29,137
exponent,7Networks_RH_Vis_2,NCBP_nontrans,1.001703443682783,43,137
exponent,7Networks_RH_Vis_2,HC,1.0900337791513024,65,137
exponent,7Networks_RH_Vis_3,NCBP_trans,0.9239001195559913,29,137
exponent,7Networks_RH_Vis_3,NCBP_nontrans,0.9304544737543831,43,137
exponent,7Networks_RH_Vis_3,HC,0.9769016941032042,65,137
exponent,7Networks_RH_Vis_4,NCBP_trans,0.7896646150357628,29,137
exponent,7Networks_RH_Vis_4,NCBP_nontrans,0.7229991137158512,43,137
exponent,7Networks_RH_Vis_4,HC,0.9096392399265989,65,137
exponent,7Networks_RH_Vis_5,NCBP_trans,0.9469665884538517,29,137
exponent,7Networks_RH_Vis_5,NCBP_nontrans,0.9554673843556923,43,137
exponent,7Networks_RH_Vis_5,HC,1.061711252031755,65,137
exponent,7Networks_RH_Vis_6,NCBP_trans,1.0846968608234266,29,137
exponent,7Networks_RH_Vis_6,NCBP_nontrans,1.133097457795346,43,137
exponent,7Networks_RH_Vis_6,HC,1.2022463427948256,65,137
exponent,7Networks_RH_Vis_7,NCBP_trans,0.8950706477471994,29,137
exponent,7Networks_RH_Vis_7,NCBP_nontrans,0.8617105376351304,43,137
exponent,7Networks_RH_Vis_7,HC,1.0089874262811356,65,137
exponent,7Networks_RH_Vis_8,NCBP_trans,0.9335473799973593,29,137
exponent,7Networks_RH_Vis_8,NCBP_nontrans,0.9140919635401523,43,137
exponent,7Networks_RH_Vis_8,HC,1.0492235538627908,65,137
offset,7Networks_LH_Cont_Cing_1,NCBP_trans,-9.244642289218023,29,137
offset,7Networks_LH_Cont_Cing_1,NCBP_nontrans,-9.11932755028862,43,137
offset,7Networks_LH_Cont_Cing_1,HC,-9.167230288032606,65,137
offset,7Networks_LH_Cont_PFCl_1,NCBP_trans,-9.848149364277228,29,137
offset,7Networks_LH_Cont_PFCl_1,NCBP_nontrans,-9.859868823653963,43,137
offset,7Networks_LH_Cont_PFCl_1,HC,-9.888194931892286,65,137
offset,7Networks_LH_Cont_Par_1,NCBP_trans,-9.824639194700783,29,137
offset,7Networks_LH_Cont_Par_1,NCBP_nontrans,-9.743064162479953,43,137
offset,7Networks_LH_Cont_Par_1,HC,-9.824452027161731,65,137
offset,7Networks_LH_Cont_pCun_1,NCBP_trans,-9.705573645510466,29,137
offset,7Networks_LH_Cont_pCun_1,NCBP_nontrans,-9.561474391671586,43,137
offset,7Networks_LH_Cont_pCun_1,HC,-9.629994978046275,65,137
offset,7Networks_LH_Default_PFC_1,NCBP_trans,-9.735433113782403,29,137
offset,7Networks_LH_Default_PFC_1,NCBP_nontrans,-9.758537728875293,43,137
offset,7Networks_LH_Default_PFC_1,HC,-9.794078214823744,65,137
offset,7Networks_LH_Default_PFC_2,NCBP_trans,-9.978364898932703,29,137
offset,7Networks_LH_Default_PFC_2,NCBP_nontrans,-10.008342586128025,43,137
offset,7Networks_LH_Default_PFC_2,HC,-10.009898003840387,65,137
offset,7Networks_LH_Default_PFC_3,NCBP_trans,-9.57136056732484,29,137
offset,7Networks_LH_Default_PFC_3,NCBP_nontrans,-9.479380987262198,43,137
offset,7Networks_LH_Default_PFC_3,HC,-9.466627029353848,65,137
offset,7Networks_LH_Default_PFC_4,NCBP_trans,-9.93452379299291,29,137
offset,7Networks_LH_Default_PFC_4,NCBP_nontrans,-9.920831267716492,43,137
offset,7Networks_LH_Default_PFC_4,HC,-9.896282093566375,65,137
offset,7Networks_LH_Default_PFC_5,NCBP_trans,-9.635226760780256,29,137
offset,7Networks_LH_Default_PFC_5,NCBP_nontrans,-9.590032903087941,43,137
offset,7Networks_LH_Default_PFC_5,HC,-9.605223526073747,65,137
offset,7Networks_LH_Default_PFC_6,NCBP_trans,-9.828436874197493,29,137
offset,7Networks_LH_Default_PFC_6,NCBP_nontrans,-9.695633004046062,43,137
offset,7Networks_LH_Default_PFC_6,HC,-9.740963836446713,65,137
offset,7Networks_LH_Default_PFC_7,NCBP_trans,-9.674836371800833,29,137
offset,7Networks_LH_Default_PFC_7,NCBP_nontrans,-9.552686319352436,43,137
offset,7Networks_LH_Default_PFC_7,HC,-9.599033493237187,65,137
offset,7Networks_LH_Default_Par_1,NCBP_trans,-9.908122552969886,29,137
offset,7Networks_LH_Default_Par_1,NCBP_nontrans,-9.828563459406126,43,137
offset,7Networks_LH_Default_Par_1,HC,-9.978648795946249,65,137
offset,7Networks_LH_Default_Par_2,NCBP_trans,-9.896484775100992,29,137
offset,7Networks_LH_Default_Par_2,NCBP_nontrans,-9.857759440945596,43,137
offset,7Networks_LH_Default_Par_2,HC,-9.941050236438947,65,137
offset,7Networks_LH_Default_Temp_1,NCBP_trans,-10.047760676315717,29,137
offset,7Networks_LH_Default_Temp_1,NCBP_nontrans,-10.058689035050172,43,137
offset,7Networks_LH_Default_Temp_1,HC,-10.018714341693235,65,137
offset,7Networks_LH_Default_Temp_2,NCBP_trans,-10.020164831995679,29,137
offset,7Networks_LH_Default_Temp_2,NCBP_nontrans,-9.914605210687114,43,137
offset,7Networks_LH_Default_Temp_2,HC,-9.981802955606158,65,137
offset,7Networks_LH_Default_pCunPCC_1,NCBP_trans,-9.407114334308455,29,137
offset,7Networks_LH_Default_pCunPCC_1,NCBP_nontrans,-9.301636457085426,43,137
offset,7Networks_LH_Default_pCunPCC_1,HC,-9.369346428016193,65,137
offset,7Networks_LH_Default_pCunPCC_2,NCBP_trans,-9.402516330411498,29,137
offset,7Networks_LH_Default_pCunPCC_2,NCBP_nontrans,-9.2479377206751,43,137
offset,7Networks_LH_Default_pCunPCC_2,HC,-9.3269900535846,65,137
offset,7Networks_LH_DorsAttn_FEF_1,NCBP_trans,-9.719474467514061,29,137
offset,7Networks_LH_DorsAttn_FEF_1,NCBP_nontrans,-9.586213638674979,43,137
offset,7Networks_LH_DorsAttn_FEF_1,HC,-9.632492257418495,65,137
offset,7Networks_LH_DorsAttn_Post_1,NCBP_trans,-9.778659197926157,29,137
offset,7Networks_LH_DorsAttn_Post_1,NCBP_nontrans,-9.63517856917944,43,137
offset,7Networks_LH_DorsAttn_Post_1,HC,-9.693834515792753,65,137
offset,7Networks_LH_DorsAttn_Post_2,NCBP_trans,-10.092365146330202,29,137
offset,7Networks_LH_DorsAttn_Post_2,NCBP_nontrans,-9.945007488290084,43,137
offset,7Networks_LH_DorsAttn_Post_2,HC,-10.006590856222184,65,137
offset,7Networks_LH_DorsAttn_Post_3,NCBP_trans,-9.807117704123652,29,137
offset,7Networks_LH_DorsAttn_Post_3,NCBP_nontrans,-9.707345623026592,43,137
offset,7Networks_LH_DorsAttn_Post_3,HC,-9.775906979346725,65,137
offset,7Networks_LH_DorsAttn_Post_4,NCBP_trans,-9.845864518759438,29,137
offset,7Networks_LH_DorsAttn_Post_4,NCBP_nontrans,-9.719784019209472,43,137
offset,7Networks_LH_DorsAttn_Post_4,HC,-9.801401491903784,65,137
offset,7Networks_LH_DorsAttn_Post_5,NCBP_trans,-9.731265799808678,29,137
offset,7Networks_LH_DorsAttn_Post_5,NCBP_nontrans,-9.560423977087881,43,137
offset,7Networks_LH_DorsAttn_Post_5,HC,-9.661617880338628,65,137
offset,7Networks_LH_DorsAttn_Post_6,NCBP_trans,-9.817395664265947,29,137
offset,7Networks_LH_DorsAttn_Post_6,NCBP_nontrans,-9.723637101414033,43,137
offset,7Networks_LH_DorsAttn_Post_6,HC,-9.856290305593966,65,137
offset,7Networks_LH_DorsAttn_PrCv_1,NCBP_trans,-9.91348943806314,29,137
offset,7Networks_LH_DorsAttn_PrCv_1,NCBP_nontrans,-9.769059795940008,43,137
offset,7Networks_LH_DorsAttn_PrCv_1,HC,-9.83268443747001,65,137
offset,7Networks_LH_Limbic_OFC_1,NCBP_trans,-9.525058647512703,29,137
offset,7Networks_LH_Limbic_OFC_1,NCBP_nontrans,-9.582839290464886,43,137
offset,7Networks_LH_Limbic_OFC_1,HC,-9.599900665097449,65,137
offset,7Networks_LH_Limbic_TempPole_1,NCBP_trans,-9.710886856257753,29,137
offset,7Networks_LH_Limbic_TempPole_1,NCBP_nontrans,-9.80931289246333,43,137
offset,7Networks_LH_Limbic_TempPole_1,HC,-9.67905191667113,65,137
offset,7Networks_LH_Limbic_TempPole_2,NCBP_trans,-9.965885691408442,29,137
offset,7Networks_LH_Limbic_TempPole_2,NCBP_nontrans,-9.931692537565771,43,137
offset,7Networks_LH_Limbic_TempPole_2,HC,-9.894182940947568,65,137
offset,7Networks_LH_SalVentAttn_FrOperIns_1,NCBP_trans,-9.760966599384444,29,137
offset,7Networks_LH_SalVentAttn_FrOperIns_1,NCBP_nontrans,-9.725336739182545,43,137
offset,7Networks_LH_SalVentAttn_FrOperIns_1,HC,-9.761852409732343,65,137
offset,7Networks_LH_SalVentAttn_FrOperIns_2,NCBP_trans,-9.757505161873839,29,137
offset,7Networks_LH_SalVentAttn_FrOperIns_2,NCBP_nontrans,-9.667673996817674,43,137
offset,7Networks_LH_SalVentAttn_FrOperIns_2,HC,-9.709391142621348,65,137
offset,7Networks_LH_SalVentAttn_Med_1,NCBP_trans,-9.252455210607897,29,137
offset,7Networks_LH_SalVentAttn_Med_1,NCBP_nontrans,-9.183707091002923,43,137
offset,7Networks_LH_SalVentAttn_Med_1,HC,-9.218489214018684,65,137
offset,7Networks_LH_SalVentAttn_Med_2,NCBP_trans,-9.404853694660956,29,137
offset,7Networks_LH_SalVentAttn_Med_2,NCBP_nontrans,-9.285442146668414,43,137
offset,7Networks_LH_SalVentAttn_Med_2,HC,-9.334002744218678,65,137
offset,7Networks_LH_SalVentAttn_Med_3,NCBP_trans,-9.498368097421398,29,137
offset,7Networks_LH_SalVentAttn_Med_3,NCBP_nontrans,-9.372637191434501,43,137
offset,7Networks_LH_SalVentAttn_Med_3,HC,-9.354248585328858,65,137
offset,7Networks_LH_SalVentAttn_PFCl_1,NCBP_trans,-9.78633483266408,29,137
offset,7Networks_LH_SalVentAttn_PFCl_1,NCBP_nontrans,-9.718395319089245,43,137
offset,7Networks_LH_SalVentAttn_PFCl_1,HC,-9.77767459266506,65,137
offset,7Networks_LH_SalVentAttn_ParOper_1,NCBP_trans,-10.020419053510695,29,137
offset,7Networks_LH_SalVentAttn_ParOper_1,NCBP_nontrans,-9.907394785429728,43,137
offset,7Networks_LH_SalVentAttn_ParOper_1,HC,-9.975507621067921,65,137
offset,7Networks_LH_SomMot_1,NCBP_trans,-9.965435632565251,29,137
offset,7Networks_LH_SomMot_1,NCBP_nontrans,-9.821975348832984,43,137
offset,7Networks_LH_SomMot_1,HC,-9.923254479793645,65,137
offset,7Networks_LH_SomMot_2,NCBP_trans,-9.611933182400316,29,137
offset,7Networks_LH_SomMot_2,NCBP_nontrans,-9.489568426617502,43,137
offset,7Networks_LH_SomMot_2,HC,-9.542064249869304,65,137
offset,7Networks_LH_SomMot_3,NCBP_trans,-10.00385187538582,29,137
offset,7Networks_LH_SomMot_3,NCBP_nontrans,-9.82146770414902,43,137
offset,7Networks_LH_SomMot_3,HC,-9.938080988021317,65,137
offset,7Networks_LH_SomMot_4,NCBP_trans,-10.048144645705044,29,137
offset,7Networks_LH_SomMot_4,NCBP_nontrans,-9.8710824927686,43,137
offset,7Networks_LH_SomMot_4,HC,-9.943784000208902,65,137
offset,7Networks_LH_SomMot_5,NCBP_trans,-9.91358709511179,29,137
offset,7Networks_LH_SomMot_5,NCBP_nontrans,-9.781395115340198,43,137
offset,7Networks_LH_SomMot_5,HC,-9.863373660787216,65,137
offset,7Networks_LH_SomMot_6,NCBP_trans,-9.684673796834776,29,137
offset,7Networks_LH_SomMot_6,NCBP_nontrans,-9.552275929738409,43,137
offset,7Networks_LH_SomMot_6,HC,-9.607520600815217,65,137
offset,7Networks_LH_Vis_1,NCBP_trans,-9.52691032511266,29,137
offset,7Networks_LH_Vis_1,NCBP_nontrans,-9.407672311504932,43,137
offset,7Networks_LH_Vis_1,HC,-9.407055265275043,65,137
offset,7Networks_LH_Vis_2,NCBP_trans,-9.731364362325658,29,137
offset,7Networks_LH_Vis_2,NCBP_nontrans,-9.601009346947556,43,137
offset,7Networks_LH_Vis_2,HC,-9.667308097088265,65,137
offset,7Networks_LH_Vis_3,NCBP_trans,-9.531769847460284,29,137
offset,7Networks_LH_Vis_3,NCBP_nontrans,-9.362953616633378,43,137
offset,7Networks_LH_Vis_3,HC,-9.454991472922353,65,137
offset,7Networks_LH_Vis_4,NCBP_trans,-10.01516921675227,29,137
offset,7Networks_LH_Vis_4,NCBP_nontrans,-9.856474539356308,43,137
offset,7Networks_LH_Vis_4,HC,-9.955799630958296,65,137
offset,7Networks_LH_Vis_5,NCBP_trans,-9.981262229700267,29,137
offset,7Networks_LH_Vis_5,NCBP_nontrans,-9.851706849379946,43,137
offset,7Networks_LH_Vis_5,HC,-9.914740053468426,65,137
offset,7Networks_LH_Vis_6,NCBP_trans,-9.543912460811104,29,137
offset,7Networks_LH_Vis_6,NCBP_nontrans,-9.408766632327024,43,137
offset,7Networks_LH_Vis_6,HC,-9.482693492795255,65,137
offset,7Networks_LH_Vis_7,NCBP_trans,-9.828979255427432,29,137
offset,7Networks_LH_Vis_7,NCBP_nontrans,-9.766226399096734,43,137
offset,7Networks_LH_Vis_7,HC,-9.79758424641037,65,137
offset,7Networks_LH_Vis_8,NCBP_trans,-9.9039765224116,29,137
offset,7Networks_LH_Vis_8,NCBP_nontrans,-9.793167358050768,43,137
offset,7Networks_LH_Vis_8,HC,-9.854167373669661,65,137
offset,7Networks_LH_Vis_9,NCBP_trans,-9.808690931482108,29,137
offset,7Networks_LH_Vis_9,NCBP_nontrans,-9.660990063053713,43,137
offset,7Networks_LH_Vis_9,HC,-9.715842520061843,65,137
offset,7Networks_RH_Cont_Cing_1,NCBP_trans,-9.245177653211492,29,137
offset,7Networks_RH_Cont_Cing_1,NCBP_nontrans,-9.127915853001946,43,137
offset,7Networks_RH_Cont_Cing_1,HC,-9.189509822745542,65,137
offset,7Networks_RH_Cont_PFCl_1,NCBP_trans,-10.037638160191975,29,137
offset,7Networks_RH_Cont_PFCl_1,NCBP_nontrans,-9.906274692221995,43,137
offset,7Networks_RH_Cont_PFCl_1,HC,-9.944274038826508,65,137
offset,7Networks_RH_Cont_PFCl_2,NCBP_trans,-9.88842388026311,29,137
offset,7Networks_RH_Cont_PFCl_2,NCBP_nontrans,-9.846557059865866,43,137
offset,7Networks_RH_Cont_PFCl_2,HC,-9.942095431746276,65,137
offset,7Networks_RH_Cont_PFCl_3,NCBP_trans,-9.78078245086739,29,137
offset,7Networks_RH_Cont_PFCl_3,NCBP_nontrans,-9.67487757405902,43,137
offset,7Networks_RH_Cont_PFCl_3,HC,-9.793708079749495,65,137
offset,7Networks_RH_Cont_PFCl_4,NCBP_trans,-9.816195674116212,29,137
offset,7Networks_RH_Cont_PFCl_4,NCBP_nontrans,-9.727411975415892,43,137
offset,7Networks_RH_Cont_PFCl_4,HC,-9.774280402830069,65,137
offset,7Networks_RH_Cont_PFCmp_1,NCBP_trans,-9.24530388388103,29,137
offset,7Networks_RH_Cont_PFCmp_1,NCBP_nontrans,-9.209446148611944,43,137
offset,7Networks_RH_Cont_PFCmp_1,HC,-9.232888105557267,65,137
offset,7Networks_RH_Cont_Par_1,NCBP_trans,-10.011750728474048,29,137
offset,7Networks_RH_Cont_Par_1,NCBP_nontrans,-9.960522975730694,43,137
offset,7Networks_RH_Cont_Par_1,HC,-10.011502515002805,65,137
offset,7Networks_RH_Cont_Par_2,NCBP_trans,-9.93068834223645,29,137
offset,7Networks_RH_Cont_Par_2,NCBP_nontrans,-9.913634893481495,43,137
offset,7Networks_RH_Cont_Par_2,HC,-9.967029694114547,65,137
offset,7Networks_RH_Cont_pCun_1,NCBP_trans,-9.607844719750352,29,137
offset,7Networks_RH_Cont_pCun_1,NCBP_nontrans,-9.496169438988558,43,137
offset,7Networks_RH_Cont_pCun_1,HC,-9.522687196308487,65,137
offset,7Networks_RH_Default_PFCdPFCm_1,NCBP_trans,-9.554784011989078,29,137
offset,7Networks_RH_Default_PFCdPFCm_1,NCBP_nontrans,-9.489015416998825,43,137
offset,7Networks_RH_Default_PFCdPFCm_1,HC,-9.471388306232141,65,137
offset,7Networks_RH_Default_PFCdPFCm_2,NCBP_trans,-9.645718088305895,29,137
offset,7Networks_RH_Default_PFCdPFCm_2,NCBP_nontrans,-9.610544569329338,43,137
offset,7Networks_RH_Default_PFCdPFCm_2,HC,-9.640667100853749,65,137
offset,7Networks_RH_Default_PFCdPFCm_3,NCBP_trans,-9.567311363149736,29,137
offset,7Networks_RH_Default_PFCdPFCm_3,NCBP_nontrans,-9.515459233792992,43,137
offset,7Networks_RH_Default_PFCdPFCm_3,HC,-9.574387742131181,65,137
offset,7Networks_RH_Default_PFCv_1,NCBP_trans,-9.843560023381215,29,137
offset,7Networks_RH_Default_PFCv_1,NCBP_nontrans,-9.78031065139882,43,137
offset,7Networks_RH_Default_PFCv_1,HC,-9.843350720466432,65,137
offset,7Networks_RH_Default_PFCv_2,NCBP_trans,-10.025992624280523,29,137
offset,7Networks_RH_Default_PFCv_2,NCBP_nontrans,-9.937610298087963,43,137
offset,7Networks_RH_Default_PFCv_2,HC,-10.010421752037244,65,137
offset,7Networks_RH_Default_Par_1,NCBP_trans,-9.87712722604221,29,137
offset,7Networks_RH_Default_Par_1,NCBP_nontrans,-9.849660352166648,43,137
offset,7Networks_RH_Default_Par_1,HC,-9.913267774854994,65,137
offset,7Networks_RH_Default_Temp_1,NCBP_trans,-9.94564542475181,29,137
offset,7Networks_RH_Default_Temp_1,NCBP_nontrans,-9.942138517070829,43,137
offset,7Networks_RH_Default_Temp_1,HC,-9.991382622683412,65,137
offset,7Networks_RH_Default_Temp_2,NCBP_trans,-9.908769123318878,29,137
offset,7Networks_RH_Default_Temp_2,NCBP_nontrans,-9.853162910202045,43,137
offset,7Networks_RH_Default_Temp_2,HC,-9.97618044357084,65,137
offset,7Networks_RH_Default_Temp_3,NCBP_trans,-9.964491227187382,29,137
offset,7Networks_RH_Default_Temp_3,NCBP_nontrans,-9.847877588878557,43,137
offset,7Networks_RH_Default_Temp_3,HC,-9.954256688791178,65,137
offset,7Networks_RH_Default_pCunPCC_1,NCBP_trans,-9.37594897057783,29,137
offset,7Networks_RH_Default_pCunPCC_1,NCBP_nontrans,-9.286496463006854,43,137
offset,7Networks_RH_Default_pCunPCC_1,HC,-9.310509556261767,65,137
offset,7Networks_RH_Default_pCunPCC_2,NCBP_trans,-9.363024396048464,29,137
offset,7Networks_RH_Default_pCunPCC_2,NCBP_nontrans,-9.238126933802114,43,137
offset,7Networks_RH_Default_pCunPCC_2,HC,-9.290496066421266,65,137
offset,7Networks_RH_DorsAttn_FEF_1,NCBP_trans,-9.68578038745102,29,137
offset,7Networks_RH_DorsAttn_FEF_1,NCBP_nontrans,-9.606923718794251,43,137
offset,7Networks_RH_DorsAttn_FEF_1,HC,-9.643851678088856,65,137
offset,7Networks_RH_DorsAttn_Post_1,NCBP_trans,-9.845074394504204,29,137
offset,7Networks_RH_DorsAttn_Post_1,NCBP_nontrans,-9.708683342708632,43,137
offset,7Networks_RH_DorsAttn_Post_1,HC,-9.814319143331547,65,137
offset,7Networks_RH_DorsAttn_Post_2,NCBP_trans,-9.929302553322945,29,137
offset,7Networks_RH_DorsAttn_Post_2,NCBP_nontrans,-9.842429963526923,43,137
offset,7Networks_RH_DorsAttn_Post_2,HC,-9.855438066763469,65,137
offset,7Networks_RH_DorsAttn_Post_3,NCBP_trans,-9.76819746432189,29,137
offset,7Networks_RH_DorsAttn_Post_3,NCBP_nontrans,-9.717780907837382,43,137
offset,7Networks_RH_DorsAttn_Post_3,HC,-9.764271200989203,65,137
offset,7Networks_RH_DorsAttn_Post_4,NCBP_trans,-9.758976719830912,29,137
offset,7Networks_RH_DorsAttn_Post_4,NCBP_nontrans,-9.67881783654662,43,137
offset,7Networks_RH_DorsAttn_Post_4,HC,-9.742413350983156,65,137
offset,7Networks_RH_DorsAttn_Post_5,NCBP_trans,-9.7795051190675,29,137
offset,7Networks_RH_DorsAttn_Post_5,NCBP_nontrans,-9.685677821236657,43,137
offset,7Networks_RH_DorsAttn_Post_5,HC,-9.770068856427258,65,137
offset,7Networks_RH_DorsAttn_PrCv_1,NCBP_trans,-9.826737549996848,29,137
offset,7Networks_RH_DorsAttn_PrCv_1,NCBP_nontrans,-9.795955163779658,43,137
offset,7Networks_RH_DorsAttn_PrCv_1,HC,-9.836523158337968,65,137
offset,7Networks_RH_Limbic_OFC_1,NCBP_trans,-9.59887726382966,29,137
offset,7Networks_RH_Limbic_OFC_1,NCBP_nontrans,-9.568036665357166,43,137
offset,7Networks_RH_Limbic_OFC_1,HC,-9.578633270165593,65,137
offset,7Networks_RH_Limbic_TempPole_1,NCBP_trans,-9.749200658185073,29,137
offset,7Networks_RH_Limbic_TempPole_1,NCBP_nontrans,-9.724646660841156,43,137
offset,7Networks_RH_Limbic_TempPole_1,HC,-9.785806555296732,65,137
offset,7Networks_RH_SalVentAttn_FrOperIns_1,NCBP_trans,-9.732376255871594,29,137
offset,7Networks_RH_SalVentAttn_FrOperIns_1,NCBP_nontrans,-9.675494937875547,43,137
offset,7Networks_RH_SalVentAttn_FrOperIns_1,HC,-9.733459494384192,65,137
offset,7Networks_RH_SalVentAttn_Med_1,NCBP_trans,-9.390491616604193,29,137
offset,7Networks_RH_SalVentAttn_Med_1,NCBP_nontrans,-9.266617956833695,43,137
offset,7Networks_RH_SalVentAttn_Med_1,HC,-9.313834033386069,65,137
offset,7Networks_RH_SalVentAttn_Med_2,NCBP_trans,-9.355484311020309,29,137
offset,7Networks_RH_SalVentAttn_Med_2,NCBP_nontrans,-9.276486223034096,43,137
offset,7Networks_RH_SalVentAttn_Med_2,HC,-9.237968943188243,65,137
offset,7Networks_RH_SalVentAttn_TempOccPar_1,NCBP_trans,-9.90037892038103,29,137
offset,7Networks_RH_SalVentAttn_TempOccPar_1,NCBP_nontrans,-9.829815055036242,43,137
offset,7Networks_RH_SalVentAttn_TempOccPar_1,HC,-9.921795234544199,65,137
offset,7Networks_RH_SalVentAttn_TempOccPar_2,NCBP_trans,-9.983560146966273,29,137
offset,7Networks_RH_SalVentAttn_TempOccPar_2,NCBP_nontrans,-9.924359505550033,43,137
offset,7Networks_RH_SalVentAttn_TempOccPar_2,HC,-9.960812371139857,65,137
offset,7Networks_RH_SomMot_1,NCBP_trans,-9.870323561088233,29,137
offset,7Networks_RH_SomMot_1,NCBP_nontrans,-9.76722599674827,43,137
offset,7Networks_RH_SomMot_1,HC,-9.83620109427132,65,137
offset,7Networks_RH_SomMot_2,NCBP_trans,-9.660170399773264,29,137
offset,7Networks_RH_SomMot_2,NCBP_nontrans,-9.56918761270609,43,137
offset,7Networks_RH_SomMot_2,HC,-9.603472686712987,65,137
offset,7Networks_RH_SomMot_3,NCBP_trans,-10.01673086002717,29,137
offset,7Networks_RH_SomMot_3,NCBP_nontrans,-9.8718361658965,43,137
offset,7Networks_RH_SomMot_3,HC,-9.975113312702467,65,137
offset,7Networks_RH_SomMot_4,NCBP_trans,-10.0348242919375,29,137
offset,7Networks_RH_SomMot_4,NCBP_nontrans,-9.940383922126419,43,137
offset,7Networks_RH_SomMot_4,HC,-9.989702067294461,65,137
offset,7Networks_RH_SomMot_5,NCBP_trans,-9.956515734830395,29,137
offset,7Networks_RH_SomMot_5,NCBP_nontrans,-9.813610749500581,43,137
offset,7Networks_RH_SomMot_5,HC,-9.863259480150374,65,137
offset,7Networks_RH_SomMot_6,NCBP_trans,-9.887031681930859,29,137
offset,7Networks_RH_SomMot_6,NCBP_nontrans,-9.796771880132749,43,137
offset,7Networks_RH_SomMot_6,HC,-9.833877392130134,65,137
offset,7Networks_RH_SomMot_7,NCBP_trans,-9.777443145427654,29,137
offset,7Networks_RH_SomMot_7,NCBP_nontrans,-9.710273263585457,43,137
offset,7Networks_RH_SomMot_7,HC,-9.745961392170322,65,137
offset,7Networks_RH_SomMot_8,NCBP_trans,-9.659931337159337,29,137
offset,7Networks_RH_SomMot_8,NCBP_nontrans,-9.522167223365283,43,137
offset,7Networks_RH_SomMot_8,HC,-9.611230587204494,65,137
offset,7Networks_RH_Vis_1,NCBP_trans,-9.532396298695446,29,137
offset,7Networks_RH_Vis_1,NCBP_nontrans,-9.406611642245927,43,137
offset,7Networks_RH_Vis_1,HC,-9.446414110360701,65,137
offset,7Networks_RH_Vis_2,NCBP_trans,-9.657052041768178,29,137
offset,7Networks_RH_Vis_2,NCBP_nontrans,-9.466717224495634,43,137
offset,7Networks_RH_Vis_2,HC,-9.531337831829427,65,137
offset,7Networks_RH_Vis_3,NCBP_trans,-9.804029880103137,29,137
offset,7Networks_RH_Vis_3,NCBP_nontrans,-9.685040413993388,43,137
offset,7Networks_RH_Vis_3,HC,-9.78432313826104,65,137
offset,7Networks_RH_Vis_4,NCBP_trans,-10.059036424317556,29,137
offset,7Networks_RH_Vis_4,NCBP_nontrans,-9.952650572061774,43,137
offset,7Networks_RH_Vis_4,HC,-9.981343644329712,65,137
offset,7Networks_RH_Vis_5,NCBP_trans,-9.689831920921996,29,137
offset,7Networks_RH_Vis_5,NCBP_nontrans,-9.569879533123734,43,137
offset,7Networks_RH_Vis_5,HC,-9.621295197545576,65,137
offset,7Networks_RH_Vis_6,NCBP_trans,-9.476005964134746,29,137
offset,7Networks_RH_Vis_6,NCBP_nontrans,-9.332638374592168,43,137
offset,7Networks_RH_Vis_6,HC,-9.377626891386209,65,137
offset,7Networks_RH_Vis_7,NCBP_trans,-9.891483104601436,29,137
offset,7Networks_RH_Vis_7,NCBP_nontrans,-9.804791240529024,43,137
offset,7Networks_RH_Vis_7,HC,-9.862642367126577,65,137
offset,7Networks_RH_Vis_8,NCBP_trans,-9.810374485324449,29,137
offset,7Networks_RH_Vis_8,NCBP_nontrans,-9.787172737715533,43,137
offset,7Networks_RH_Vis_8,HC,-9.796442021661354,65,137
alpha_pw,7Networks_LH_Cont_Cing_1,NCBP_trans,0.9105689427993472,27,135
alpha_pw,7Networks_LH_Cont_Cing_1,NCBP_nontrans,0.8608046781233817,43,135
alpha_pw,7Networks_LH_Cont_Cing_1,HC,0.8453788624041884,65,135
alpha_pw,7Networks_LH_Cont_PFCl_1,NCBP_trans,0.3536517331193892,16,96
alpha_pw,7Networks_LH_Cont_PFCl_1,NCBP_nontrans,0.29913863651869077,32,96
alpha_pw,7Networks_LH_Cont_PFCl_1,HC,0.3502842451304778,48,96
alpha_pw,7Networks_LH_Cont_Par_1,NCBP_trans,0.9277869002914959,27,134
alpha_pw,7Networks_LH_Cont_Par_1,NCBP_nontrans,0.9450968862960468,43,134
alpha_pw,7Networks_LH_Cont_Par_1,HC,0.9437048211740309,64,134
alpha_pw,7Networks_LH_Cont_pCun_1,NCBP_trans,1.152719803677435,29,135
alpha_pw,7Networks_LH_Cont_pCun_1,NCBP_nontrans,1.1954817666000883,42,135
alpha_pw,7Networks_LH_Cont_pCun_1,HC,1.1748938181366553,64,135
alpha_pw,7Networks_LH_Default_PFC_1,NCBP_trans,0.37148462550505573,21,110
alpha_pw,7Networks_LH_Default_PFC_1,NCBP_nontrans,0.3568792215993576,36,110
alpha_pw,7Networks_LH_Default_PFC_1,HC,0.3917592190525544,53,110
alpha_pw,7Networks_LH_Default_PFC_2,NCBP_trans,0.2966223553971868,17,98
alpha_pw,7Networks_LH_Default_PFC_2,NCBP_nontrans,0.30019547502800065,32,98
alpha_pw,7Networks_LH_Default_PFC_2,HC,0.3126829520531832,49,98
alpha_pw,7Networks_LH_Default_PFC_3,NCBP_trans,0.34086536149752167,16,98
alpha_pw,7Networks_LH_Default_PFC_3,NCBP_nontrans,0.31019378055147584,33,98
alpha_pw,7Networks_LH_Default_PFC_3,HC,0.3026409865294498,49,98
alpha_pw,7Networks_LH_Default_PFC_4,NCBP_trans,0.25085259958019696,12,69
alpha_pw,7Networks_LH_Default_PFC_4,NCBP_nontrans,0.25746733656128556,25,69
alpha_pw,7Networks_LH_Default_PFC_4,HC,0.2802173736566296,32,69
alpha_pw,7Networks_LH_Default_PFC_5,NCBP_trans,0.35748135630198713,16,87
alpha_pw,7Networks_LH_Default_PFC_5,NCBP_nontrans,0.3060371645531088,30,87
alpha_pw,7Networks_LH_Default_PFC_5,HC,0.3282896890191899,41,87
alpha_pw,7Networks_LH_Default_PFC_6,NCBP_trans,0.6252417754129134,26,119
alpha_pw,7Networks_LH_Default_PFC_6,NCBP_nontrans,0.5841560303669485,39,119
alpha_pw,7Networks_LH_Default_PFC_6,HC,0.6258674748392566,54,119
alpha_pw,7Networks_LH_Default_PFC_7,NCBP_trans,0.5420588794827355,22,117
alpha_pw,7Networks_LH_Default_PFC_7,NCBP_nontrans,0.47701369240137137,39,117
alpha_pw,7Networks_LH_Default_PFC_7,HC,0.4333453114999613,56,117
alpha_pw,7Networks_LH_Default_Par_1,NCBP_trans,0.732363704319519,29,134
alpha_pw,7Networks_LH_Default_Par_1,NCBP_nontrans,0.6993493773084307,43,134
alpha_pw,7Networks_LH_Default_Par_1,HC,0.7596427474800734,62,134
alpha_pw,7Networks_LH_Default_Par_2,NCBP_trans,0.9154878770481335,28,136
alpha_pw,7Networks_LH_Default_Par_2,NCBP_nontrans,0.9250473847519008,43,136
alpha_pw,7Networks_LH_Default_Par_2,HC,0.9242849822988086,65,136
alpha_pw,7Networks_LH_Default_Temp_1,NCBP_trans,0.463552135398458,26,121
alpha_pw,7Networks_LH_Default_Temp_1,NCBP_nontrans,0.3999807453506923,38,121
alpha_pw,7Networks_LH_Default_Temp_1,HC,0.4429287585370978,57,121
alpha_pw,7Networks_LH_Default_Temp_2,NCBP_trans,0.5893712141798239,28,132
alpha_pw,7Networks_LH_Default_Temp_2,NCBP_nontrans,0.5301686501146986,43,132
alpha_pw,7Networks_LH_Default_Temp_2,HC,0.6098409921822389,61,132
alpha_pw,7Networks_LH_Default_pCunPCC_1,NCBP_trans,0.9824002102902679,29,137
alpha_pw,7Networks_LH_Default_pCunPCC_1,NCBP_nontrans,0.9806906819303817,43,137
alpha_pw,7Networks_LH_Default_pCunPCC_1,HC,1.0203515288309797,65,137
alpha_pw,7Networks_LH_Default_pCunPCC_2,NCBP_trans,1.0739674923925824,29,136
alpha_pw,7Networks_LH_Default_pCunPCC_2,NCBP_nontrans,1.113724848856391,42,136
alpha_pw,7Networks_LH_Default_pCunPCC_2,HC,1.0735699589962557,65,136
alpha_pw,7Networks_LH_DorsAttn_FEF_1,NCBP_trans,0.7468296310863648,26,127
alpha_pw,7Networks_LH_DorsAttn_FEF_1,NCBP_nontrans,0.7206277203549507,41,127
alpha_pw,7Networks_LH_DorsAttn_FEF_1,HC,0.7353957515327468,60,127
alpha_pw,7Networks_LH_DorsAttn_Post_1,NCBP_trans,0.7832492222518264,29,136
alpha_pw,7Networks_LH_DorsAttn_Post_1,NCBP_nontrans,0.7833655871596431,43,136
alpha_pw,7Networks_LH_DorsAttn_Post_1,HC,0.8377711395507234,64,136
alpha_pw,7Networks_LH_DorsAttn_Post_2,NCBP_trans,0.6807700327466416,27,131
alpha_pw,7Networks_LH_DorsAttn_Post_2,NCBP_nontrans,0.7186012181202731,42,131
alpha_pw,7Networks_LH_DorsAttn_Post_2,HC,0.7949655101225109,62,131
alpha_pw,7Networks_LH_DorsAttn_Post_3,NCBP_trans,1.0664401013846554,28,134
alpha_pw,7Networks_LH_DorsAttn_Post_3,NCBP_nontrans,1.0818818667103964,42,134
alpha_pw,7Networks_LH_DorsAttn_Post_3,HC,1.0638309036870004,64,134
alpha_pw,7Networks_LH_DorsAttn_Post_4,NCBP_trans,0.830735972601698,27,134
alpha_pw,7Networks_LH_DorsAttn_Post_4,NCBP_nontrans,0.8503277796042321,43,134
alpha_pw,7Networks_LH_DorsAttn_Post_4,HC,0.8951049851993237,64,134
alpha_pw,7Networks_LH_DorsAttn_Post_5,NCBP_trans,1.0703040429274333,29,135
alpha_pw,7Networks_LH_DorsAttn_Post_5,NCBP_nontrans,1.0807998772914844,42,135
alpha_pw,7Networks_LH_DorsAttn_Post_5,HC,1.0886016554936642,64,135
alpha_pw,7Networks_LH_DorsAttn_Post_6,NCBP_trans,0.9533970793656813,27,132
alpha_pw,7Networks_LH_DorsAttn_Post_6,NCBP_nontrans,0.9705505920822729,42,132
alpha_pw,7Networks_LH_DorsAttn_Post_6,HC,0.9715059057193896,63,132
alpha_pw,7Networks_LH_DorsAttn_PrCv_1,NCBP_trans,0.547167035827575,25,121
alpha_pw,7Networks_LH_DorsAttn_PrCv_1,NCBP_nontrans,0.5000041553018176,40,121
alpha_pw,7Networks_LH_DorsAttn_PrCv_1,HC,0.5844654971740516,56,121
alpha_pw,7Networks_LH_Limbic_OFC_1,NCBP_trans,0.33678057001535533,20,108
alpha_pw,7Networks_LH_Limbic_OFC_1,NCBP_nontrans,0.33726351355670264,37,108
alpha_pw,7Networks_LH_Limbic_OFC_1,HC,0.36995987688208976,51,108
alpha_pw,7Networks_LH_Limbic_TempPole_1,NCBP_trans,0.47681729859212124,27,126
alpha_pw,7Networks_LH_Limbic_TempPole_1,NCBP_nontrans,0.4466832931623243,40,126
alpha_pw,7Networks_LH_Limbic_TempPole_1,HC,0.48649034397692803,59,126
alpha_pw,7Networks_LH_Limbic_TempPole_2,NCBP_trans,0.5472643037078353,27,128
alpha_pw,7Networks_LH_Limbic_TempPole_2,NCBP_nontrans,0.4991670887127084,42,128
alpha_pw,7Networks_LH_Limbic_TempPole_2,HC,0.5766063162314792,59,128
alpha_pw,7Networks_LH_SalVentAttn_FrOperIns_1,NCBP_trans,0.48505215224903453,28,129
alpha_pw,7Networks_LH_SalVentAttn_FrOperIns_1,NCBP_nontrans,0.46889683185743003,41,129
alpha_pw,7Networks_LH_SalVentAttn_FrOperIns_1,HC,0.514917891373965,60,129
alpha_pw,7Networks_LH_SalVentAttn_FrOperIns_2,NCBP_trans,0.4176083530799408,24,118
alpha_pw,7Networks_LH_SalVentAttn_FrOperIns_2,NCBP_nontrans,0.3973890129996618,39,118
alpha_pw,7Networks_LH_SalVentAttn_FrOperIns_2,HC,0.46790605471732377,55,118
alpha_pw,7Networks_LH_SalVentAttn_Med_1,NCBP_trans,0.5038172450986967,25,121
alpha_pw,7Networks_LH_SalVentAttn_Med_1,NCBP_nontrans,0.4538033257868986,42,121
alpha_pw,7Networks_LH_SalVentAttn_Med_1,HC,0.49494135049689997,54,121
alpha_pw,7Networks_LH_SalVentAttn_Med_2,NCBP_trans,0.986815099231991,28,135
alpha_pw,7Networks_LH_SalVentAttn_Med_2,NCBP_nontrans,0.9661709870345869,43,135
alpha_pw,7Networks_LH_SalVentAttn_Med_2,HC,0.9591665882712723,64,135
alpha_pw,7Networks_LH_SalVentAttn_Med_3,NCBP_trans,0.6262817235852015,23,124
alpha_pw,7Networks_LH_SalVentAttn_Med_3,NCBP_nontrans,0.5482329771218482,41,124
alpha_pw,7Networks_LH_SalVentAttn_Med_3,HC,0.5415900371320777,60,124
alpha_pw,7Networks_LH_SalVentAttn_PFCl_1,NCBP_trans,0.3161834476248949,15,85
alpha_pw,7Networks_LH_SalVentAttn_PFCl_1,NCBP_nontrans,0.31120734594533894,26,85
alpha_pw,7Networks_LH_SalVentAttn_PFCl_1,HC,0.31315064260547104,44,85
alpha_pw,7Networks_LH_SalVentAttn_ParOper_1,NCBP_trans,0.7148818738617343,26,131
alpha_pw,7Networks_LH_SalVentAttn_ParOper_1,NCBP_nontrans,0.7128199943946393,42,131
alpha_pw,7Networks_LH_SalVentAttn_ParOper_1,HC,0.7498497693101849,63,131
alpha_pw,7Networks_LH_SomMot_1,NCBP_trans,0.5747144335321516,26,131
alpha_pw,7Networks_LH_SomMot_1,NCBP_nontrans,0.5491237536163072,43,131
alpha_pw,7Networks_LH_SomMot_1,HC,0.5931145961716361,62,131
alpha_pw,7Networks_LH_SomMot_2,NCBP_trans,0.6961089734305265,27,132
alpha_pw,7Networks_LH_SomMot_2,NCBP_nontrans,0.6973772381601235,42,132
alpha_pw,7Networks_LH_SomMot_2,HC,0.7041235450038017,63,132
alpha_pw,7Networks_LH_SomMot_3,NCBP_trans,0.5447440667259725,26,126
alpha_pw,7Networks_LH_SomMot_3,NCBP_nontrans,0.5110270438550442,43,126
alpha_pw,7Networks_LH_SomMot_3,HC,0.5709424550168286,57,126
alpha_pw,7Networks_LH_SomMot_4,NCBP_trans,0.6323303098424857,27,131
alpha_pw,7Networks_LH_SomMot_4,NCBP_nontrans,0.5723160024409838,42,131
alpha_pw,7Networks_LH_SomMot_4,HC,0.6909562464062221,62,131
alpha_pw,7Networks_LH_SomMot_5,NCBP_trans,0.8164100731675128,26,131
alpha_pw,7Networks_LH_SomMot_5,NCBP_nontrans,0.8719888921336351,42,131
alpha_pw,7Networks_LH_SomMot_5,HC,0.8925960819601279,63,131
alpha_pw,7Networks_LH_SomMot_6,NCBP_trans,0.8367729706143313,26,131
alpha_pw,7Networks_LH_SomMot_6,NCBP_nontrans,0.8521001115652246,41,131
alpha_pw,7Networks_LH_SomMot_6,HC,0.7728489485248331,64,131
alpha_pw,7Networks_LH_Vis_1,NCBP_trans,0.7047853575965677,27,134
alpha_pw,7Networks_LH_Vis_1,NCBP_nontrans,0.6963171708342347,43,134
alpha_pw,7Networks_LH_Vis_1,HC,0.7281182689902567,64,134
alpha_pw,7Networks_LH_Vis_2,NCBP_trans,0.8658243375182911,29,136
alpha_pw,7Networks_LH_Vis_2,NCBP_nontrans,0.9767840305032974,43,136
alpha_pw,7Networks_LH_Vis_2,HC,1.0241007614913202,64,136
alpha_pw,7Networks_LH_Vis_3,NCBP_trans,0.9027170422077164,29,137
alpha_pw,7Networks_LH_Vis_3,NCBP_nontrans,0.9236838683560136,43,137
alpha_pw,7Networks_LH_Vis_3,HC,0.9805488007717315,65,137
alpha_pw,7Networks_LH_Vis_4,NCBP_trans,0.9168916583263315,29,136
alpha_pw,7Networks_LH_Vis_4,NCBP_nontrans,0.9736810272722205,43,136
alpha_pw,7Networks_LH_Vis_4,HC,1.0488421522881797,64,136
alpha_pw,7Networks_LH_Vis_5,NCBP_trans,0.9809030990654397,29,136
alpha_pw,7Networks_LH_Vis_5,NCBP_nontrans,0.9511841239601654,42,136
alpha_pw,7Networks_LH_Vis_5,HC,1.0266061030308415,65,136
alpha_pw,7Networks_LH_Vis_6,NCBP_trans,0.9939960092175567,29,137
alpha_pw,7Networks_LH_Vis_6,NCBP_nontrans,1.0056963134483135,43,137
alpha_pw,7Networks_LH_Vis_6,HC,1.0861941750325794,65,137
alpha_pw,7Networks_LH_Vis_7,NCBP_trans,0.9180735552649544,29,136
alpha_pw,7Networks_LH_Vis_7,NCBP_nontrans,0.950519737879303,43,136
alpha_pw,7Networks_LH_Vis_7,HC,1.007310880045507,64,136
alpha_pw,7Networks_LH_Vis_8,NCBP_trans,1.0312161721917548,29,135
alpha_pw,7Networks_LH_Vis_8,NCBP_nontrans,1.1114779289013998,42,135
alpha_pw,7Networks_LH_Vis_8,HC,1.1248459608239476,64,135
alpha_pw,7Networks_LH_Vis_9,NCBP_trans,1.1059169135328366,29,136
alpha_pw,7Networks_LH_Vis_9,NCBP_nontrans,1.1372515738874365,42,136
alpha_pw,7Networks_LH_Vis_9,HC,1.1383975991175934,65,136
alpha_pw,7Networks_RH_Cont_Cing_1,NCBP_trans,0.9055652470935164,29,135
alpha_pw,7Networks_RH_Cont_Cing_1,NCBP_nontrans,0.9077354386541666,42,135
alpha_pw,7Networks_RH_Cont_Cing_1,HC,0.884528105570662,64,135
alpha_pw,7Networks_RH_Cont_PFCl_1,NCBP_trans,0.29537425832200287,16,79
alpha_pw,7Networks_RH_Cont_PFCl_1,NCBP_nontrans,0.2857010154528878,27,79
alpha_pw,7Networks_RH_Cont_PFCl_1,HC,0.2772337325173827,36,79
alpha_pw,7Networks_RH_Cont_PFCl_2,NCBP_trans,0.3387757965273172,18,99
alpha_pw,7Networks_RH_Cont_PFCl_2,NCBP_nontrans,0.34035394992321194,34,99
alpha_pw,7Networks_RH_Cont_PFCl_2,HC,0.3560689420927734,47,99
alpha_pw,7Networks_RH_Cont_PFCl_3,NCBP_trans,0.3334211484251216,20,94
alpha_pw,7Networks_RH_Cont_PFCl_3,NCBP_nontrans,0.31370770313018254,31,94
alpha_pw,7Networks_RH_Cont_PFCl_3,HC,0.3449373914099423,43,94
alpha_pw,7Networks_RH_Cont_PFCl_4,NCBP_trans,0.6819524891880121,25,126
alpha_pw,7Networks_RH_Cont_PFCl_4,NCBP_nontrans,0.5895908324743945,40,126
alpha_pw,7Networks_RH_Cont_PFCl_4,HC,0.5770310730981344,61,126
alpha_pw,7Networks_RH_Cont_PFCmp_1,NCBP_trans,0.4607603464805831,24,119
alpha_pw,7Networks_RH_Cont_PFCmp_1,NCBP_nontrans,0.4052936357682764,42,119
alpha_pw,7Networks_RH_Cont_PFCmp_1,HC,0.44762670276134975,53,119
alpha_pw,7Networks_RH_Cont_Par_1,NCBP_trans,0.8375605781474037,26,131
alpha_pw,7Networks_RH_Cont_Par_1,NCBP_nontrans,0.8055679642656042,42,131
alpha_pw,7Networks_RH_Cont_Par_1,HC,0.8181877809530651,63,131
alpha_pw,7Networks_RH_Cont_Par_2,NCBP_trans,0.9651386634530886,29,135
alpha_pw,7Networks_RH_Cont_Par_2,NCBP_nontrans,0.9925985081762327,42,135
alpha_pw,7Networks_RH_Cont_Par_2,HC,0.9962489497045156,64,135
alpha_pw,7Networks_RH_Cont_pCun_1,NCBP_trans,1.1536343382815495,29,137
alpha_pw,7Networks_RH_Cont_pCun_1,NCBP_nontrans,1.198617652817715,43,137
alpha_pw,7Networks_RH_Cont_pCun_1,HC,1.1886937884666444,65,137
alpha_pw,7Networks_RH_Default_PFCdPFCm_1,NCBP_trans,0.31990553513258485,17,98
alpha_pw,7Networks_RH_Default_PFCdPFCm_1,NCBP_nontrans,0.3170003311811116,34,98
alpha_pw,7Networks_RH_Default_PFCdPFCm_1,HC,0.3102727113975683,47,98
alpha_pw,7Networks_RH_Default_PFCdPFCm_2,NCBP_trans,0.3406724490545237,17,85
alpha_pw,7Networks_RH_Default_PFCdPFCm_2,NCBP_nontrans,0.2781016715096502,30,85
alpha_pw,7Networks_RH_Default_PFCdPFCm_2,HC,0.324717344627949,38,85
alpha_pw,7Networks_RH_Default_PFCdPFCm_3,NCBP_trans,0.5323417313874205,24,120
alpha_pw,7Networks_RH_Default_PFCdPFCm_3,NCBP_nontrans,0.4560100134505744,40,120
alpha_pw,7Networks_RH_Default_PFCdPFCm_3,HC,0.4825880744104534,56,120
alpha_pw,7Networks_RH_Default_PFCv_1,NCBP_trans,0.37338554058835516,21,110
alpha_pw,7Networks_RH_Default_PFCv_1,NCBP_nontrans,0.3892893235267394,35,110
alpha_pw,7Networks_RH_Default_PFCv_1,HC,0.3987271369708495,54,110
alpha_pw,7Networks_RH_Default_PFCv_2,NCBP_trans,0.33075125062643496,22,111
alpha_pw,7Networks_RH_Default_PFCv_2,NCBP_nontrans,0.3577929435595594,34,111
alpha_pw,7Networks_RH_Default_PFCv_2,HC,0.3733918656261428,55,111
alpha_pw,7Networks_RH_Default_Par_1,NCBP_trans,0.9192805305651034,27,134
alpha_pw,7Networks_RH_Default_Par_1,NCBP_nontrans,0.9068752419684496,42,134
alpha_pw,7Networks_RH_Default_Par_1,HC,0.8986952358306213,65,134
alpha_pw,7Networks_RH_Default_Temp_1,NCBP_trans,0.6114825285262205,26,129
alpha_pw,7Networks_RH_Default_Temp_1,NCBP_nontrans,0.5857947154796834,40,129
alpha_pw,7Networks_RH_Default_Temp_1,HC,0.5985765481810057,63,129
alpha_pw,7Networks_RH_Default_Temp_2,NCBP_trans,0.4900845602895959,23,121
alpha_pw,7Networks_RH_Default_Temp_2,NCBP_nontrans,0.4294969389526383,39,121
alpha_pw,7Networks_RH_Default_Temp_2,HC,0.4838296810081142,59,121
alpha_pw,7Networks_RH_Default_Temp_3,NCBP_trans,0.662110146370932,26,128
alpha_pw,7Networks_RH_Default_Temp_3,NCBP_nontrans,0.6348845888302703,40,128
alpha_pw,7Networks_RH_Default_Temp_3,HC,0.6346515527211019,62,128
alpha_pw,7Networks_RH_Default_pCunPCC_1,NCBP_trans,0.9947711295622271,29,135
alpha_pw,7Networks_RH_Default_pCunPCC_1,NCBP_nontrans,1.008693991586263,42,135
alpha_pw,7Networks_RH_Default_pCunPCC_1,HC,1.0273843610087,64,135
alpha_pw,7Networks_RH_Default_pCunPCC_2,NCBP_trans,1.0755959078472996,29,136
alpha_pw,7Networks_RH_Default_pCunPCC_2,NCBP_nontrans,1.0984841550201327,42,136
alpha_pw,7Networks_RH_Default_pCunPCC_2,HC,1.0785407705438377,65,136
alpha_pw,7Networks_RH_DorsAttn_FEF_1,NCBP_trans,0.7391267913294381,27,131
alpha_pw,7Networks_RH_DorsAttn_FEF_1,NCBP_nontrans,0.736023522535685,42,131
alpha_pw,7Networks_RH_DorsAttn_FEF_1,HC,0.800460082140394,62,131
alpha_pw,7Networks_RH_DorsAttn_Post_1,NCBP_trans,1.021489923361294,29,134
alpha_pw,7Networks_RH_DorsAttn_Post_1,NCBP_nontrans,0.9868146843612733,42,134
alpha_pw,7Networks_RH_DorsAttn_Post_1,HC,1.0253711109009467,63,134
alpha_pw,7Networks_RH_DorsAttn_Post_2,NCBP_trans,0.7755783401230467,28,133
alpha_pw,7Networks_RH_DorsAttn_Post_2,NCBP_nontrans,0.8264625394411874,42,133
alpha_pw,7Networks_RH_DorsAttn_Post_2,HC,0.8142622273405526,63,133
alpha_pw,7Networks_RH_DorsAttn_Post_3,NCBP_trans,0.9558775066504259,28,135
alpha_pw,7Networks_RH_DorsAttn_Post_3,NCBP_nontrans,0.97479682899947,42,135
alpha_pw,7Networks_RH_DorsAttn_Post_3,HC,0.9456721204564261,65,135
alpha_pw,7Networks_RH_DorsAttn_Post_4,NCBP_trans,1.0604728313301106,29,136
alpha_pw,7Networks_RH_DorsAttn_Post_4,NCBP_nontrans,1.115698010447835,42,136
alpha_pw,7Networks_RH_DorsAttn_Post_4,HC,1.096601852060071,65,136
alpha_pw,7Networks_RH_DorsAttn_Post_5,NCBP_trans,0.9580643652976923,29,134
alpha_pw,7Networks_RH_DorsAttn_Post_5,NCBP_nontrans,1.0291890854355494,41,134
alpha_pw,7Networks_RH_DorsAttn_Post_5,HC,1.0210590955372423,64,134
alpha_pw,7Networks_RH_DorsAttn_PrCv_1,NCBP_trans,0.5927485065032442,24,123
alpha_pw,7Networks_RH_DorsAttn_PrCv_1,NCBP_nontrans,0.5255300102824497,39,123
alpha_pw,7Networks_RH_DorsAttn_PrCv_1,HC,0.5414098995281632,60,123
alpha_pw,7Networks_RH_Limbic_OFC_1,NCBP_trans,0.3521974411858446,22,112
alpha_pw,7Networks_RH_Limbic_OFC_1,NCBP_nontrans,0.3565753922099311,36,112
alpha_pw,7Networks_RH_Limbic_OFC_1,HC,0.3546292172776192,54,112
alpha_pw,7Networks_RH_Limbic_TempPole_1,NCBP_trans,0.5134705594969148,25,122
alpha_pw,7Networks_RH_Limbic_TempPole_1,NCBP_nontrans,0.485079056690597,38,122
alpha_pw,7Networks_RH_Limbic_TempPole_1,HC,0.5455602931998018,59,122
alpha_pw,7Networks_RH_SalVentAttn_FrOperIns_1,NCBP_trans,0.48609230226171646,25,126
alpha_pw,7Networks_RH_SalVentAttn_FrOperIns_1,NCBP_nontrans,0.48688369699265266,39,126
alpha_pw,7Networks_RH_SalVentAttn_FrOperIns_1,HC,0.4889816178974907,62,126
alpha_pw,7Networks_RH_SalVentAttn_Med_1,NCBP_trans,0.9655182479980178,28,135
alpha_pw,7Networks_RH_SalVentAttn_Med_1,NCBP_nontrans,0.9779203316998097,42,135
alpha_pw,7Networks_RH_SalVentAttn_Med_1,HC,0.9346235363164461,65,135
alpha_pw,7Networks_RH_SalVentAttn_Med_2,NCBP_trans,0.6095303936250391,24,124
alpha_pw,7Networks_RH_SalVentAttn_Med_2,NCBP_nontrans,0.5707460675007539,41,124
alpha_pw,7Networks_RH_SalVentAttn_Med_2,HC,0.5998781967571881,59,124
alpha_pw,7Networks_RH_SalVentAttn_TempOccPar_1,NCBP_trans,0.784920363296519,29,133
alpha_pw,7Networks_RH_SalVentAttn_TempOccPar_1,NCBP_nontrans,0.7583265977846856,41,133
alpha_pw,7Networks_RH_SalVentAttn_TempOccPar_1,HC,0.788608781538651,63,133
alpha_pw,7Networks_RH_SalVentAttn_TempOccPar_2,NCBP_trans,0.7020880160740753,26,130
alpha_pw,7Networks_RH_SalVentAttn_TempOccPar_2,NCBP_nontrans,0.7291654239386661,40,130
alpha_pw,7Networks_RH_SalVentAttn_TempOccPar_2,HC,0.7380018872626931,64,130
alpha_pw,7Networks_RH_SomMot_1,NCBP_trans,0.6414438209088291,25,129
alpha_pw,7Networks_RH_SomMot_1,NCBP_nontrans,0.6169520921785379,40,129
alpha_pw,7Networks_RH_SomMot_1,HC,0.6252516705851717,64,129
alpha_pw,7Networks_RH_SomMot_2,NCBP_trans,0.7084422890903416,26,132
alpha_pw,7Networks_RH_SomMot_2,NCBP_nontrans,0.6882956479474326,41,132
alpha_pw,7Networks_RH_SomMot_2,HC,0.6851098361262917,65,132
alpha_pw,7Networks_RH_SomMot_3,NCBP_trans,0.5523297413470936,25,127
alpha_pw,7Networks_RH_SomMot_3,NCBP_nontrans,0.5335341945877378,40,127
alpha_pw,7Networks_RH_SomMot_3,HC,0.5662576792782035,62,127
alpha_pw,7Networks_RH_SomMot_4,NCBP_trans,0.6787975427678467,24,125
alpha_pw,7Networks_RH_SomMot_4,NCBP_nontrans,0.6402528498488915,39,125
alpha_pw,7Networks_RH_SomMot_4,HC,0.6627081383181797,62,125
alpha_pw,7Networks_RH_SomMot_5,NCBP_trans,0.8121158635248247,26,130
alpha_pw,7Networks_RH_SomMot_5,NCBP_nontrans,0.7985459157988154,40,130
alpha_pw,7Networks_RH_SomMot_5,HC,0.7774689176296797,64,130
alpha_pw,7Networks_RH_SomMot_6,NCBP_trans,0.8397511349117547,27,131
alpha_pw,7Networks_RH_SomMot_6,NCBP_nontrans,0.8879471155717663,42,131
alpha_pw,7Networks_RH_SomMot_6,HC,0.886542473503854,62,131
alpha_pw,7Networks_RH_SomMot_7,NCBP_trans,0.881448322603858,29,134
alpha_pw,7Networks_RH_SomMot_7,NCBP_nontrans,0.9454934817565143,42,134
alpha_pw,7Networks_RH_SomMot_7,HC,0.9252741099607739,63,134
alpha_pw,7Networks_RH_SomMot_8,NCBP_trans,0.8197048644659832,26,131
alpha_pw,7Networks_RH_SomMot_8,NCBP_nontrans,0.801592428080194,43,131
alpha_pw,7Networks_RH_SomMot_8,HC,0.8049218747532674,62,131
alpha_pw,7Networks_RH_Vis_1,NCBP_trans,0.7105067758257491,28,133
alpha_pw,7Networks_RH_Vis_1,NCBP_nontrans,0.6946404399240798,41,133
alpha_pw,7Networks_RH_Vis_1,HC,0.7558897948864682,64,133
alpha_pw,7Networks_RH_Vis_2,NCBP_trans,0.9365067137260682,28,134
alpha_pw,7Networks_RH_Vis_2,NCBP_nontrans,0.9594550844961393,42,134
alpha_pw,7Networks_RH_Vis_2,HC,0.9777433443849666,64,134
alpha_pw,7Networks_RH_Vis_3,NCBP_trans,0.8933165797787209,28,134
alpha_pw,7Networks_RH_Vis_3,NCBP_nontrans,0.8760096128994475,42,134
alpha_pw,7Networks_RH_Vis_3,HC,0.9240043845760983,64,134
alpha_pw,7Networks_RH_Vis_4,NCBP_trans,0.9278917076369887,29,135
alpha_pw,7Networks_RH_Vis_4,NCBP_nontrans,0.9060125521593057,43,135
alpha_pw,7Networks_RH_Vis_4,HC,1.0464818349406906,63,135
alpha_pw,7Networks_RH_Vis_5,NCBP_trans,1.0264821598566716,29,136
alpha_pw,7Networks_RH_Vis_5,NCBP_nontrans,1.0285511209849907,43,136
alpha_pw,7Networks_RH_Vis_5,HC,1.0845086047476802,64,136
alpha_pw,7Networks_RH_Vis_6,NCBP_trans,0.9981318665083089,28,134
alpha_pw,7Networks_RH_Vis_6,NCBP_nontrans,0.9814547863346436,42,134
alpha_pw,7Networks_RH_Vis_6,HC,0.9941211869716845,64,134
alpha_pw,7Networks_RH_Vis_7,NCBP_trans,1.0872477035956245,29,135
alpha_pw,7Networks_RH_Vis_7,NCBP_nontrans,1.134010143570156,42,135
alpha_pw,7Networks_RH_Vis_7,HC,1.1695738588797233,64,135
alpha_pw,7Networks_RH_Vis_8,NCBP_trans,1.0971936675871936,29,135
alpha_pw,7Networks_RH_Vis_8,NCBP_nontrans,1.1395907153703766,42,135
alpha_pw,7Networks_RH_Vis_8,HC,1.1629236035887853,64,135
